id;name;description;picture;icone;price_per_hour
1;product Georgia;input;Pennsylvania Savings Account;markets Barbados;6960
2;neutral Awesome;clicks-and-mortar directional;Strategist Cotton streamline;Direct;59929
3;seize bypass;alarm;optical Shoals ivory;copy;76986
4;programming connecting Lek;Small Soft Tuna;web-enabled Practical;Incredible Mouse;94259
5;wireless clicks-and-mortar;quantifying optimize deposit;parse turn-key;Credit Card Account Research;62852
6;Fort;utilize Common;Turkish Lira;IB parsing;50783
7;SDD;Bike bypass;haptic;visualize;24026
8;Rubber;Brand;foreground Home Loan Account Versatile;Lane SQL;78582
9;Western Sahara;Montserrat Generic;customized;Future-proofed SSL;52325
10;experiences;online Arkansas HDD;system withdrawal;Money Market Account Soap;15834
